{"cameraMode":{"drawMode":0,"name":"Shaded","section":"Shading Mode"},"sceneLighting":true,"audioPlay":false,"sceneViewState":{"m_AlwaysRefresh":false,"showFog":true,"showSkybox":true,"showFlares":true,"showImageEffects":true,"showParticleSystems":true,"showVisualEffectGraphs":true,"m_FxEnabled":true},"in2DMode":false,"pivot":{"x":0.5515600442886353,"y":2.827322006225586,"z":-1.2369575500488282},"rotation":{"x":-0.2189963012933731,"y":-0.014053280465304852,"z":0.003154145088046789,"w":-0.9756212830543518},"size":4.923954963684082,"orthographic":false}